{"pitch": [-2.9170793047299672, 11.391254536985771, 207.63098600266065, 46.775590250989914], "energy": [-1.431044578552246, 8.184337615966797, 37.3262168222155, 26.04418080276169]}