{"pitch": [-2.379503475587952, 10.576440126671004, 185.90654302810142, 50.854911034025506], "energy": [-1.5495293140411377, 6.0031890869140625, 61.824374669303154, 39.72669211805178]}