{"pitch": [-2.3946838552178975, 10.641687290103455, 185.92721258165545, 50.54116302075332], "energy": [-1.4671905040740967, 5.864933013916016, 60.25144245877821, 40.931375843204854]}